Year,Regional Veterinary Offices,C03321V04008,DAA01C01,DAA01C02,DAA01C03,DAA01C04,DAA01C05,DAA01C06,DAA01C07,DAA01C08,DAA01C09
2010,Office 1,1,2963.0,2861.0,128.0,4.47,152.0,238406.0,406134.0,795.0,1.53
2010,Office 2,2,10580.0,10514.0,162.0,1.54,100.0,380699.0,363097.0,977.0,1.41
2010,Office 3,3,3165.0,3020.0,188.0,6.23,93.0,224697.0,361007.0,1110.0,1.38
2010,Office 4,4,3473.0,3410.0,344.0,10.09,172.0,305282.0,428448.0,1384.0,1.43
2010,Office 5,5,5449.0,5320.0,154.0,2.89,111.0,190617.0,243868.0,1120.0,1.97
2010,Office 6,6,5584.0,5485.0,98.0,1.79,72.0,204581.0,278979.0,656.0,1.63
2010,Office 7,7,6056.0,5977.0,236.0,3.95,99.0,451370.0,525163.0,1099.0,1.48
2010,Office 8,8,6353.0,6211.0,291.0,4.69,112.0,391791.0,474699.0,1265.0,2.41
2010,Office 9,9,5811.0,5702.0,184.0,3.23,106.0,292264.0,472369.0,731.0,1.78
2010,Office 10,10,9811.0,9711.0,244.0,2.51,83.0,405802.0,644965.0,1220.0,1.42
2010,Office 11,11,1205.0,1158.0,129.0,11.14,51.0,139381.0,68711.0,197.0,2.07
2010,Office 12,12,5486.0,5376.0,94.0,1.75,122.0,252749.0,346179.0,446.0,1.19
2010,Office 13,13,3209.0,3174.0,157.0,4.95,45.0,87147.0,156367.0,630.0,1.8
2010,Office 14,14,6476.0,6365.0,212.0,3.33,94.0,433799.0,484780.0,1510.0,0.99
2010,Office 15,15,6881.0,6784.0,198.0,2.92,112.0,263429.0,436756.0,1337.0,1.67
2010,Office 16,16,2901.0,2850.0,199.0,6.98,76.0,206774.0,278585.0,609.0,2.99
2010,Office 17,17,2911.0,2885.0,107.0,3.71,66.0,97573.0,456952.0,450.0,1.48
2010,Office 18,18,2616.0,2577.0,209.0,8.11,113.0,207421.0,322133.0,1093.0,2.77
2010,Office 19,19,1519.0,1475.0,35.0,2.37,43.0,94394.0,87021.0,141.0,2.2
2010,Office 20,20,6036.0,5893.0,357.0,6.06,156.0,404171.0,589230.0,1278.0,3.49
2010,Office 21,21,3508.0,3437.0,160.0,4.66,59.0,313666.0,374081.0,590.0,2.05
2010,Office 22,22,3026.0,2951.0,67.0,2.27,77.0,232147.0,300200.0,459.0,2.65
2010,Office 23,23,3717.0,3580.0,175.0,4.89,123.0,231493.0,434438.0,755.0,1.82
2010,Office 24,24,3347.0,3296.0,83.0,2.52,123.0,249767.0,292831.0,676.0,1.8
2010,Office 25,25,3415.0,3327.0,140.0,4.21,37.0,216317.0,324801.0,460.0,2.04
2010,Office 26,26,3093.0,3058.0,92.0,3.01,44.0,80797.0,62511.0,274.0,1.09
2010,Office 27,27,3380.0,3326.0,112.0,3.37,127.0,250930.0,298578.0,964.0,1.89
2010,Office 28,28,3271.0,3186.0,123.0,3.86,65.0,213442.0,274690.0,727.0,1.06
2010,Office 29,29,3366.0,3306.0,186.0,5.63,75.0,296812.0,681575.0,759.0,1.74
2011,Office 1,1,3249.0,3217.0,155.0,4.82,60.0,301886.0,454436.0,736.0,1.79
2011,Office 2,2,5796.0,5728.0,335.0,5.85,124.0,293336.0,559552.0,1119.0,1.41
2011,Office 3,3,11744.0,11639.0,306.0,2.63,177.0,491208.0,498120.0,1041.0,1.4
2011,Office 4,4,3530.0,3464.0,322.0,9.3,118.0,413155.0,375065.0,900.0,2.69
2011,Office 5,5,6131.0,6027.0,199.0,3.3,77.0,548933.0,349286.0,964.0,1.38
2011,Office 6,6,340.0,325.0,35.0,10.77,15.0,19646.0,66385.0,59.0,8.14
2011,Office 7,7,2952.0,2922.0,62.0,2.12,38.0,216142.0,390501.0,215.0,1.14
2011,Office 8,8,3305.0,3223.0,180.0,5.58,87.0,210576.0,300030.0,493.0,1.6
2011,Office 9,9,2561.0,2531.0,79.0,3.12,99.0,183241.0,226419.0,596.0,2.52
2011,Office 10,10,3741.0,3671.0,148.0,4.03,107.0,206652.0,316592.0,840.0,4.5
2011,Office 11,11,3377.0,3338.0,56.0,1.68,27.0,97648.0,155653.0,246.0,1.8
2011,Office 12,12,3660.0,3550.0,150.0,4.23,91.0,241383.0,451650.0,744.0,1.84
2011,Office 13,13,9792.0,9580.0,318.0,3.32,140.0,252344.0,507282.0,693.0,1.66
2011,Office 14,14,3220.0,3186.0,152.0,4.77,78.0,125240.0,164883.0,405.0,1.22
2011,Office 15,15,3632.0,3473.0,270.0,7.77,138.0,269583.0,415375.0,1345.0,1.63
2011,Office 16,16,1617.0,1581.0,97.0,6.14,46.0,104562.0,109633.0,294.0,0.51
2011,Office 17,17,3207.0,3186.0,167.0,5.24,109.0,254662.0,356229.0,871.0,1.74
2011,Office 18,18,3109.0,3035.0,70.0,2.31,40.0,195468.0,267309.0,907.0,1.64
2011,Office 19,19,3319.0,3240.0,172.0,5.31,141.0,238316.0,359416.0,916.0,1.36
2011,Office 20,20,3022.0,2957.0,197.0,6.66,119.0,256558.0,317197.0,410.0,2.0
2011,Office 21,21,3285.0,3233.0,243.0,7.52,121.0,211380.0,318909.0,1236.0,2.12
2011,Office 22,22,1359.0,1306.0,66.0,5.05,25.0,69173.0,132767.0,102.0,1.49
2011,Office 23,23,5911.0,5776.0,385.0,6.67,128.0,501335.0,477274.0,1060.0,1.86
2011,Office 24,24,3385.0,3298.0,219.0,6.64,109.0,230339.0,335269.0,829.0,2.71
2011,Office 25,25,4153.0,4072.0,80.0,1.96,126.0,261147.0,402300.0,725.0,0.98
2011,Office 26,26,3492.0,3439.0,124.0,3.61,124.0,157246.0,383634.0,719.0,2.14
2011,Office 27,27,3055.0,2989.0,112.0,3.75,42.0,209650.0,320330.0,429.0,0.84
2011,Office 28,28,3714.0,3657.0,168.0,4.59,74.0,169137.0,404069.0,306.0,1.13
2011,Office 29,29,1569.0,1559.0,169.0,10.84,67.0,185809.0,316473.0,387.0,2.05
2012,Office 1,1,5287.0,5211.0,279.0,5.35,116.0,480746.0,477946.0,1209.0,2.05
2012,Office 2,2,3681.0,3641.0,100.0,2.75,81.0,273525.0,338393.0,631.0,3.01
2012,Office 3,3,2831.0,2811.0,149.0,5.3,60.0,73546.0,346879.0,584.0,1.42
2012,Office 4,4,1538.0,1504.0,22.0,1.46,13.0,64616.0,102152.0,178.0,1.39
2012,Office 5,5,2482.0,2478.0,145.0,5.85,35.0,65629.0,79996.0,341.0,1.73
2012,Office 6,6,1046.0,1008.0,90.0,8.93,15.0,19646.0,274681.0,144.0,1.06
2012,Office 7,7,3399.0,3344.0,151.0,4.52,43.0,226062.0,395562.0,374.0,2.13
2012,Office 8,8,1240.0,1222.0,53.0,4.34,17.0,22825.0,123679.0,41.0,1.39
2012,Office 9,9,5174.0,5084.0,166.0,3.27,88.0,232126.0,533275.0,442.0,1.56
2012,Office 10,10,3806.0,3731.0,175.0,4.69,99.0,181323.0,214033.0,1080.0,2.11
2012,Office 11,11,3805.0,3744.0,204.0,5.45,91.0,297588.0,457216.0,159.0,1.43
2012,Office 12,12,3625.0,3580.0,202.0,5.64,56.0,243191.0,297714.0,615.0,1.62
2012,Office 13,13,869.0,836.0,97.0,11.6,43.0,103427.0,122918.0,31.0,1.15
2012,Office 14,14,2907.0,2851.0,198.0,6.94,84.0,273814.0,334502.0,1030.0,2.02
2012,Office 15,15,3744.0,3653.0,168.0,4.6,87.0,241686.0,344396.0,350.0,0.83
2012,Office 16,16,3198.0,3162.0,85.0,2.69,83.0,195974.0,314432.0,1208.0,2.14
2012,Office 17,17,3631.0,3561.0,198.0,5.56,107.0,290931.0,595515.0,740.0,1.99
2012,Office 18,18,634.0,585.0,65.0,11.11,67.0,85650.0,24987.0,153.0,0.53
2012,Office 19,19,5022.0,4957.0,330.0,6.66,166.0,375489.0,391423.0,1208.0,2.45
2012,Office 20,20,1432.0,1403.0,65.0,4.63,46.0,67576.0,130598.0,722.0,1.42
2012,Office 21,21,3494.0,3427.0,122.0,3.56,69.0,280992.0,348498.0,697.0,1.54
2012,Office 22,22,3131.0,3096.0,164.0,5.3,49.0,256380.0,361132.0,1102.0,1.98
2012,Office 23,23,5994.0,5915.0,205.0,3.47,124.0,529676.0,598615.0,1053.0,1.54
2012,Office 24,24,2602.0,2552.0,73.0,2.86,29.0,112297.0,120270.0,767.0,1.46
2012,Office 25,25,652.0,629.0,55.0,8.74,27.0,88816.0,69738.0,282.0,0.29
2012,Office 26,26,3177.0,3124.0,129.0,4.13,64.0,263008.0,364058.0,616.0,2.03
2012,Office 27,27,499.0,478.0,25.0,5.23,24.0,19646.0,24987.0,215.0,9.64
2012,Office 28,28,3680.0,3609.0,140.0,3.88,77.0,259136.0,263068.0,339.0,2.17
2012,Office 29,29,3107.0,3082.0,102.0,3.31,44.0,210973.0,292339.0,344.0,1.8
2013,Office 1,1,1079.0,1012.0,47.0,4.64,18.0,51597.0,62999.0,153.0,1.97
2013,Office 2,2,2600.0,2548.0,74.0,2.9,93.0,70630.0,123154.0,139.0,1.36
2013,Office 3,3,4062.0,4020.0,83.0,2.06,82.0,268253.0,315545.0,591.0,1.21
2013,Office 4,4,2919.0,2878.0,77.0,2.68,36.0,176231.0,218409.0,184.0,1.66
2013,Office 5,5,3443.0,3401.0,113.0,3.32,61.0,49008.0,138634.0,327.0,2.22
2013,Office 6,6,3431.0,3354.0,147.0,4.38,22.0,176267.0,204611.0,95.0,1.52
2013,Office 7,7,3142.0,3057.0,115.0,3.76,48.0,281637.0,335410.0,652.0,0.74
2013,Office 8,8,2445.0,2421.0,38.0,1.57,21.0,82092.0,77720.0,79.0,0.87
2013,Office 9,9,1593.0,1549.0,64.0,4.13,23.0,58122.0,24987.0,350.0,2.23
2013,Office 10,10,3939.0,3851.0,175.0,4.54,46.0,178811.0,360182.0,807.0,1.86
2013,Office 11,11,3119.0,3081.0,238.0,7.72,115.0,227142.0,313999.0,675.0,1.97
2013,Office 12,12,3036.0,3022.0,83.0,2.75,34.0,92198.0,74402.0,283.0,1.65
2013,Office 13,13,3642.0,3563.0,182.0,5.11,97.0,245877.0,437648.0,938.0,1.53
2013,Office 14,14,3373.0,3288.0,160.0,4.87,95.0,205224.0,329922.0,722.0,2.16
2013,Office 15,15,2816.0,2785.0,161.0,5.78,99.0,227431.0,402293.0,603.0,1.25
2013,Office 16,16,3311.0,3252.0,165.0,5.07,81.0,253792.0,308829.0,747.0,1.94
2013,Office 17,17,7235.0,7164.0,157.0,2.19,124.0,353890.0,379621.0,668.0,1.33
2013,Office 18,18,3161.0,3136.0,151.0,4.82,124.0,275555.0,327345.0,434.0,1.59
2013,Office 19,19,5411.0,5291.0,244.0,4.61,125.0,272350.0,345223.0,1002.0,2.78
2013,Office 20,20,3592.0,3563.0,125.0,3.51,108.0,273044.0,293730.0,364.0,2.28
2013,Office 21,21,344.0,325.0,39.0,12.0,44.0,43313.0,32025.0,218.0,1.99
2013,Office 22,22,1160.0,1145.0,81.0,7.07,44.0,66734.0,59717.0,787.0,5.65
2013,Office 23,23,3610.0,3537.0,98.0,2.77,56.0,287992.0,280852.0,474.0,1.34
2013,Office 24,24,3721.0,3647.0,172.0,4.72,49.0,276638.0,379867.0,910.0,1.52
2013,Office 25,25,3606.0,3575.0,117.0,3.27,65.0,222463.0,261026.0,345.0,1.82
2013,Office 26,26,2669.0,2643.0,121.0,4.58,33.0,40314.0,114789.0,381.0,2.33
2013,Office 27,27,5071.0,4982.0,150.0,3.01,87.0,183603.0,245534.0,405.0,1.55
2013,Office 28,28,2812.0,2737.0,194.0,7.09,91.0,393645.0,361683.0,1152.0,1.86
2013,Office 29,29,5829.0,5733.0,191.0,3.33,125.0,262953.0,350262.0,411.0,1.45
2014,Office 1,1,3185.0,3171.0,96.0,3.03,60.0,174696.0,238670.0,183.0,2.15
2014,Office 2,2,1655.0,1628.0,97.0,5.96,23.0,95343.0,121787.0,312.0,1.99
2014,Office 3,3,4465.0,4434.0,97.0,2.19,49.0,241085.0,338604.0,573.0,1.43
2014,Office 4,4,1024.0,1014.0,17.0,1.68,39.0,58491.0,87914.0,120.0,2.09
2014,Office 5,5,2848.0,2770.0,231.0,8.34,86.0,197284.0,405642.0,776.0,1.47
2014,Office 6,6,1280.0,1254.0,104.0,8.29,84.0,19646.0,88552.0,190.0,0.76
2014,Office 7,7,7018.0,6937.0,221.0,3.19,140.0,471968.0,368177.0,1039.0,2.14
2014,Office 8,8,3181.0,3111.0,142.0,4.56,58.0,99354.0,144792.0,561.0,2.61
2014,Office 9,9,895.0,892.0,31.0,3.48,25.0,23478.0,89141.0,246.0,1.74
2014,Office 10,10,6055.0,5955.0,338.0,5.68,207.0,407855.0,534691.0,1217.0,3.97
2014,Office 11,11,3263.0,3186.0,205.0,6.43,117.0,251873.0,373294.0,970.0,1.59
2014,Office 12,12,10985.0,10852.0,202.0,1.86,134.0,436384.0,546451.0,989.0,2.44
2014,Office 13,13,3288.0,3255.0,64.0,1.97,38.0,98341.0,158451.0,186.0,1.63
2014,Office 14,14,3287.0,3207.0,139.0,4.33,47.0,237386.0,265087.0,254.0,1.48
2014,Office 15,15,5193.0,5141.0,154.0,3.0,131.0,468296.0,514793.0,1200.0,1.11
2014,Office 16,16,1938.0,1894.0,66.0,3.48,46.0,258855.0,275727.0,160.0,1.94
2014,Office 17,17,5583.0,5451.0,150.0,2.75,97.0,259858.0,320911.0,222.0,1.06
2014,Office 18,18,5443.0,5349.0,223.0,4.17,113.0,274468.0,472791.0,664.0,2.4
2014,Office 19,19,3336.0,3300.0,136.0,4.12,111.0,251978.0,334291.0,635.0,1.66
2014,Office 20,20,2624.0,2549.0,200.0,7.85,140.0,185272.0,255134.0,405.0,1.67
2014,Office 21,21,1583.0,1565.0,91.0,5.81,39.0,111007.0,150232.0,168.0,1.27
2014,Office 22,22,3353.0,3235.0,196.0,6.06,120.0,250543.0,322798.0,618.0,2.06
2014,Office 23,23,2353.0,2347.0,52.0,2.22,27.0,36657.0,46325.0,210.0,1.23
2014,Office 24,24,2994.0,2947.0,210.0,7.13,65.0,247985.0,288489.0,911.0,1.68
2014,Office 25,25,3464.0,3416.0,118.0,3.45,59.0,132096.0,126399.0,135.0,2.43
2014,Office 26,26,3017.0,2961.0,196.0,6.62,104.0,172005.0,254572.0,786.0,0.94
2014,Office 27,27,2739.0,2685.0,198.0,7.37,157.0,243252.0,489122.0,1021.0,2.38
2014,Office 28,28,1390.0,1332.0,104.0,7.81,49.0,208211.0,24987.0,31.0,0.65
2014,Office 29,29,883.0,864.0,86.0,9.95,60.0,83016.0,249511.0,547.0,2.3
2015,Office 1,1,6766.0,6671.0,247.0,3.7,178.0,432861.0,507802.0,1315.0,2.48
2015,Office 2,2,3568.0,3511.0,106.0,3.02,99.0,430316.0,353412.0,901.0,1.95
2015,Office 3,3,3969.0,3917.0,318.0,8.12,108.0,204737.0,642406.0,1090.0,1.72
2015,Office 4,4,3736.0,3665.0,155.0,4.23,66.0,281062.0,284257.0,951.0,2.88
2015,Office 5,5,3226.0,3172.0,106.0,3.34,69.0,106835.0,146482.0,792.0,2.03
2015,Office 6,6,2075.0,2019.0,180.0,8.92,60.0,79977.0,137789.0,966.0,5.72
2015,Office 7,7,3554.0,3512.0,247.0,7.03,176.0,239181.0,460166.0,1307.0,4.66
2015,Office 8,8,3039.0,2947.0,150.0,5.09,53.0,205471.0,311642.0,526.0,2.46
2015,Office 9,9,5065.0,4971.0,188.0,3.78,79.0,447609.0,386052.0,570.0,1.71
2015,Office 10,10,3904.0,3820.0,174.0,4.55,140.0,290643.0,376455.0,352.0,1.24
2015,Office 11,11,3163.0,3117.0,136.0,4.36,80.0,277032.0,382029.0,792.0,1.52
2015,Office 12,12,397.0,394.0,34.0,8.63,26.0,59166.0,73626.0,277.0,2.38
2015,Office 13,13,3723.0,3652.0,390.0,10.68,118.0,327752.0,517372.0,1255.0,2.92
2015,Office 14,14,2773.0,2741.0,111.0,4.05,57.0,240523.0,129827.0,662.0,1.92
2015,Office 15,15,3489.0,3444.0,192.0,5.57,33.0,252322.0,317965.0,1009.0,1.66
2015,Office 16,16,338.0,325.0,43.0,13.23,10.0,39372.0,24987.0,252.0,1.03
2015,Office 17,17,3209.0,3143.0,140.0,4.45,98.0,244760.0,376007.0,1020.0,1.67
2015,Office 18,18,661.0,630.0,116.0,18.41,17.0,102947.0,231384.0,234.0,1.62
2015,Office 19,19,2702.0,2632.0,149.0,5.66,37.0,214283.0,370346.0,310.0,1.26
2015,Office 20,20,3036.0,2904.0,187.0,6.44,133.0,188059.0,285063.0,668.0,2.85
2015,Office 21,21,1020.0,993.0,48.0,4.83,57.0,63653.0,50326.0,315.0,2.45
2015,Office 22,22,3761.0,3675.0,148.0,4.03,126.0,182936.0,326126.0,523.0,1.17
2015,Office 23,23,361.0,325.0,54.0,16.62,39.0,23390.0,65482.0,251.0,2.08
2015,Office 24,24,1542.0,1525.0,40.0,2.62,24.0,60956.0,70316.0,45.0,0.44
2015,Office 25,25,1131.0,1104.0,28.0,2.54,30.0,36992.0,82955.0,140.0,2.17
2015,Office 26,26,5880.0,5793.0,208.0,3.59,75.0,151689.0,369736.0,728.0,1.25
2015,Office 27,27,3567.0,3527.0,157.0,4.45,103.0,81482.0,174824.0,894.0,0.67
2015,Office 28,28,1915.0,1878.0,196.0,10.44,160.0,231261.0,251589.0,884.0,1.94
2015,Office 29,29,3435.0,3390.0,81.0,2.39,95.0,210138.0,410716.0,614.0,2.07
2016,Office 1,1,3056.0,3000.0,310.0,10.33,123.0,177301.0,253479.0,629.0,2.16
2016,Office 2,2,6269.0,6147.0,333.0,5.42,170.0,452103.0,615134.0,1246.0,2.39
2016,Office 3,3,3572.0,3478.0,176.0,5.06,74.0,222421.0,284161.0,769.0,1.86
2016,Office 4,4,3392.0,3360.0,160.0,4.76,81.0,222890.0,514312.0,1043.0,2.41
2016,Office 5,5,5905.0,5831.0,249.0,4.27,147.0,419119.0,564143.0,1250.0,1.98
2016,Office 6,6,920.0,911.0,74.0,8.12,18.0,52848.0,54473.0,31.0,2.06
2016,Office 7,7,9289.0,9202.0,279.0,3.03,182.0,375152.0,620298.0,1069.0,0.32
2016,Office 8,8,3290.0,3198.0,207.0,6.47,160.0,215469.0,362251.0,776.0,1.57
2016,Office 9,9,2968.0,2878.0,130.0,4.52,31.0,310613.0,257566.0,241.0,1.94
2016,Office 10,10,3245.0,3112.0,157.0,5.04,55.0,325205.0,390535.0,354.0,0.79
2016,Office 11,11,6332.0,6255.0,119.0,1.9,90.0,225451.0,287064.0,844.0,2.59
2016,Office 12,12,3505.0,3455.0,252.0,7.29,124.0,247884.0,382190.0,419.0,2.27
2016,Office 13,13,3557.0,3521.0,132.0,3.75,27.0,113056.0,145580.0,283.0,1.06
2016,Office 14,14,1015.0,966.0,135.0,13.98,21.0,19646.0,69203.0,192.0,1.95
2016,Office 15,15,3171.0,3128.0,151.0,4.83,69.0,254445.0,345431.0,688.0,2.18
2016,Office 16,16,5571.0,5432.0,279.0,5.14,111.0,368060.0,413215.0,1126.0,2.09
2016,Office 17,17,6622.0,6544.0,147.0,2.25,56.0,175745.0,284940.0,779.0,1.55
2016,Office 18,18,2900.0,2851.0,89.0,3.12,28.0,88275.0,141591.0,870.0,1.4
2016,Office 19,19,2613.0,2511.0,346.0,13.78,117.0,319308.0,292424.0,1455.0,1.93
2016,Office 20,20,1075.0,1040.0,53.0,5.1,68.0,204144.0,217491.0,237.0,2.33
2016,Office 21,21,2882.0,2835.0,139.0,4.9,85.0,240631.0,271391.0,792.0,1.23
2016,Office 22,22,3300.0,3245.0,237.0,7.3,79.0,229806.0,277038.0,506.0,1.53
2016,Office 23,23,2342.0,2282.0,134.0,5.87,79.0,231785.0,286432.0,937.0,1.74
2016,Office 24,24,6083.0,5976.0,261.0,4.37,114.0,227173.0,293484.0,1388.0,2.37
2016,Office 25,25,3069.0,3003.0,149.0,4.96,71.0,223838.0,313371.0,523.0,1.2
2016,Office 26,26,2394.0,2357.0,117.0,4.96,33.0,43049.0,92981.0,105.0,1.5
2016,Office 27,27,4199.0,4123.0,209.0,5.07,126.0,396504.0,450403.0,977.0,1.75
2016,Office 28,28,3167.0,3130.0,178.0,5.69,146.0,185283.0,269989.0,343.0,1.9
2016,Office 29,29,3541.0,3495.0,120.0,3.43,96.0,263443.0,331593.0,813.0,1.21
2017,Office 1,1,6880.0,6769.0,207.0,3.06,98.0,288299.0,590823.0,1471.0,1.71
2017,Office 2,2,3811.0,3738.0,187.0,5.0,154.0,381288.0,359568.0,1462.0,5.41
2017,Office 3,3,5923.0,5780.0,216.0,3.74,116.0,318901.0,360031.0,978.0,1.77
2017,Office 4,4,1820.0,1796.0,107.0,5.96,70.0,91720.0,167130.0,427.0,1.67
2017,Office 5,5,3293.0,3181.0,190.0,5.97,97.0,196021.0,399727.0,1112.0,2.04
2017,Office 6,6,3519.0,3428.0,218.0,6.36,112.0,199252.0,329966.0,981.0,1.63
2017,Office 7,7,743.0,736.0,63.0,8.56,15.0,67315.0,54835.0,200.0,3.7
2017,Office 8,8,1177.0,1087.0,77.0,7.08,21.0,92244.0,73012.0,296.0,1.81
2017,Office 9,9,3228.0,3156.0,334.0,10.58,82.0,271674.0,453001.0,798.0,2.75
2017,Office 10,10,855.0,774.0,104.0,13.44,45.0,19646.0,43667.0,105.0,1.73
2017,Office 11,11,2577.0,2564.0,103.0,4.02,66.0,47694.0,86135.0,544.0,7.56
2017,Office 12,12,6636.0,6431.0,346.0,5.38,178.0,510732.0,690925.0,1694.0,2.66
2017,Office 13,13,2871.0,2837.0,103.0,3.63,78.0,120077.0,109515.0,267.0,0.94
2017,Office 14,14,1514.0,1469.0,62.0,4.22,65.0,56824.0,132307.0,601.0,7.58
2017,Office 15,15,6467.0,6375.0,162.0,2.54,89.0,249120.0,306472.0,1419.0,2.85
2017,Office 16,16,3012.0,2968.0,193.0,6.5,73.0,277627.0,588527.0,691.0,2.26
2017,Office 17,17,6307.0,6222.0,363.0,5.83,82.0,303681.0,564771.0,1099.0,2.3
2017,Office 18,18,2830.0,2800.0,83.0,2.96,35.0,70794.0,96557.0,330.0,1.57
2017,Office 19,19,7601.0,7538.0,251.0,3.33,129.0,413324.0,524032.0,866.0,2.2
2017,Office 20,20,3023.0,3000.0,71.0,2.37,66.0,220773.0,339575.0,456.0,2.04
2017,Office 21,21,5675.0,5579.0,136.0,2.44,84.0,331647.0,287897.0,403.0,1.83
2017,Office 22,22,11300.0,11174.0,360.0,3.22,118.0,419354.0,558505.0,1574.0,1.72
2017,Office 23,23,5007.0,4954.0,164.0,3.31,97.0,159310.0,301902.0,540.0,1.8
2017,Office 24,24,4791.0,4588.0,297.0,6.47,124.0,365574.0,407384.0,911.0,2.47
2017,Office 25,25,2676.0,2626.0,152.0,5.79,60.0,83571.0,344800.0,206.0,1.73
2017,Office 26,26,6049.0,5905.0,164.0,2.78,68.0,229034.0,263054.0,301.0,1.68
2017,Office 27,27,5684.0,5584.0,266.0,4.76,95.0,363859.0,278439.0,1214.0,0.91
2017,Office 28,28,5910.0,5824.0,180.0,3.09,136.0,342958.0,308748.0,1248.0,2.05
2017,Office 29,29,3188.0,3086.0,151.0,4.89,49.0,240393.0,233825.0,509.0,1.38
2018,Office 1,1,3433.0,3368.0,216.0,6.41,115.0,385209.0,602877.0,710.0,1.26
2018,Office 2,2,3171.0,3131.0,120.0,3.83,68.0,107831.0,123398.0,673.0,0.66
2018,Office 3,3,2680.0,2616.0,160.0,6.12,105.0,202431.0,298700.0,333.0,1.61
2018,Office 4,4,3576.0,3509.0,81.0,2.31,27.0,199200.0,376309.0,233.0,1.75
2018,Office 5,5,3039.0,3014.0,144.0,4.78,59.0,119312.0,115633.0,737.0,1.63
2018,Office 6,6,467.0,428.0,55.0,12.85,93.0,208489.0,282447.0,429.0,2.96
2018,Office 7,7,3320.0,3219.0,157.0,4.88,77.0,223097.0,478726.0,1061.0,1.81
2018,Office 8,8,3369.0,3318.0,176.0,5.3,43.0,435449.0,472193.0,148.0,1.45
2018,Office 9,9,5671.0,5591.0,174.0,3.11,116.0,391798.0,362727.0,892.0,1.73
2018,Office 10,10,3581.0,3459.0,176.0,5.09,109.0,307656.0,402552.0,970.0,1.77
2018,Office 11,11,6259.0,6148.0,207.0,3.37,150.0,410140.0,396883.0,643.0,1.58
2018,Office 12,12,5634.0,5590.0,242.0,4.33,107.0,411401.0,388010.0,1071.0,2.36
2018,Office 13,13,3491.0,3470.0,93.0,2.68,70.0,233673.0,437534.0,283.0,2.31
2018,Office 14,14,9042.0,8958.0,220.0,2.46,52.0,273518.0,362699.0,958.0,1.61
2018,Office 15,15,5721.0,5645.0,164.0,2.91,80.0,490506.0,470599.0,806.0,1.56
2018,Office 16,16,3269.0,3144.0,180.0,5.73,132.0,202642.0,296020.0,1163.0,1.23
2018,Office 17,17,4152.0,4024.0,325.0,8.08,134.0,318776.0,452878.0,758.0,2.61
2018,Office 18,18,5345.0,5301.0,113.0,2.13,87.0,170769.0,233679.0,199.0,1.93
2018,Office 19,19,4907.0,4830.0,208.0,4.31,93.0,154922.0,269841.0,607.0,1.43
2018,Office 20,20,3561.0,3534.0,172.0,4.87,103.0,247182.0,455270.0,872.0,1.64
2018,Office 21,21,3384.0,3304.0,166.0,5.02,69.0,84522.0,287675.0,417.0,0.92
2018,Office 22,22,3039.0,2938.0,138.0,4.7,125.0,221076.0,252275.0,231.0,1.11
2018,Office 23,23,787.0,784.0,20.0,2.55,10.0,22509.0,84021.0,216.0,1.47
2018,Office 24,24,3048.0,2960.0,162.0,5.47,66.0,223015.0,470107.0,788.0,1.91
2018,Office 25,25,3160.0,3114.0,195.0,6.26,84.0,281480.0,297079.0,726.0,2.06
2018,Office 26,26,6154.0,6039.0,247.0,4.09,110.0,360038.0,361215.0,1173.0,2.72
2018,Office 27,27,2310.0,2303.0,56.0,2.43,55.0,61234.0,79518.0,274.0,1.98
2018,Office 28,28,3812.0,3730.0,182.0,4.88,134.0,297257.0,551716.0,923.0,1.6
2018,Office 29,29,3034.0,2968.0,273.0,9.2,107.0,251391.0,629322.0,712.0,2.27
2019,Office 1,1,2743.0,2716.0,85.0,3.13,31.0,81243.0,116493.0,289.0,1.6
2019,Office 2,2,2483.0,2456.0,152.0,6.19,58.0,234788.0,305816.0,725.0,1.5
2019,Office 3,3,4072.0,3988.0,214.0,5.37,130.0,258370.0,281397.0,601.0,1.42
2019,Office 4,4,3212.0,3119.0,149.0,4.78,108.0,270964.0,350662.0,548.0,1.8
2019,Office 5,5,11796.0,11639.0,325.0,2.79,153.0,394560.0,618662.0,1337.0,1.56
2019,Office 6,6,2183.0,2115.0,70.0,3.31,19.0,86891.0,336905.0,196.0,1.51
2019,Office 7,7,1134.0,1115.0,126.0,11.3,55.0,44471.0,132596.0,546.0,1.35
2019,Office 8,8,3522.0,3432.0,223.0,6.5,104.0,415229.0,380509.0,1152.0,2.73
2019,Office 9,9,2797.0,2737.0,131.0,4.79,57.0,242130.0,378653.0,1055.0,1.74
2019,Office 10,10,2945.0,2916.0,107.0,3.67,83.0,203433.0,209748.0,210.0,1.44
2019,Office 11,11,3167.0,3141.0,144.0,4.58,42.0,254753.0,353077.0,224.0,0.29
2019,Office 12,12,2859.0,2824.0,67.0,2.37,51.0,49958.0,422816.0,234.0,2.05
2019,Office 13,13,2997.0,2962.0,109.0,3.68,73.0,247175.0,329978.0,1053.0,1.55
2019,Office 14,14,3568.0,3428.0,114.0,3.33,88.0,265502.0,309671.0,359.0,1.14
2019,Office 15,15,2685.0,2647.0,80.0,3.02,39.0,89140.0,311999.0,378.0,1.34
2019,Office 16,16,5774.0,5705.0,289.0,5.07,149.0,448046.0,318828.0,969.0,1.24
2019,Office 17,17,3149.0,3123.0,240.0,7.68,139.0,514729.0,418263.0,902.0,1.44
2019,Office 18,18,2892.0,2865.0,129.0,4.5,65.0,78696.0,338096.0,421.0,1.57
2019,Office 19,19,3453.0,3421.0,190.0,5.55,135.0,212686.0,300194.0,700.0,2.07
2019,Office 20,20,5362.0,5295.0,282.0,5.33,151.0,416625.0,493267.0,825.0,2.34
2019,Office 21,21,10109.0,10026.0,442.0,4.41,117.0,452267.0,512582.0,799.0,1.28
2019,Office 22,22,3290.0,3216.0,90.0,2.8,91.0,329044.0,429772.0,452.0,2.44
2019,Office 23,23,851.0,832.0,34.0,4.09,16.0,32716.0,109097.0,254.0,1.94
2019,Office 24,24,3229.0,3156.0,170.0,5.39,40.0,394536.0,479744.0,516.0,1.57
2019,Office 25,25,1311.0,1303.0,63.0,4.83,62.0,63112.0,244346.0,258.0,2.01
2019,Office 26,26,6624.0,6505.0,93.0,1.43,89.0,253964.0,389757.0,362.0,1.78
2019,Office 27,27,9852.0,9670.0,170.0,1.76,92.0,525645.0,513613.0,994.0,1.46
2019,Office 28,28,3235.0,3188.0,189.0,5.93,121.0,245522.0,348596.0,1139.0,1.75
2019,Office 29,29,5126.0,5039.0,146.0,2.9,114.0,239938.0,369873.0,922.0,2.24
2020,Office 1,1,2060.0,2001.0,36.0,1.8,30.0,45872.0,94144.0,162.0,1.08
2020,Office 2,2,6231.0,6138.0,317.0,5.16,99.0,270292.0,726816.0,1280.0,1.73
2020,Office 3,3,3052.0,3029.0,158.0,5.22,49.0,194397.0,350537.0,854.0,6.91
2020,Office 4,4,3648.0,3557.0,126.0,3.54,56.0,271558.0,314391.0,804.0,2.09
2020,Office 5,5,3317.0,3279.0,149.0,4.54,126.0,213683.0,422553.0,490.0,1.79
2020,Office 6,6,5454.0,5324.0,154.0,2.89,91.0,267595.0,229427.0,159.0,1.17
2020,Office 7,7,1419.0,1381.0,68.0,4.92,66.0,62087.0,132400.0,312.0,0.73
2020,Office 8,8,1771.0,1732.0,120.0,6.93,100.0,114345.0,363639.0,358.0,1.93
2020,Office 9,9,2951.0,2930.0,152.0,5.19,85.0,281941.0,310810.0,459.0,2.67
2020,Office 10,10,3402.0,3364.0,63.0,1.87,36.0,54415.0,153432.0,355.0,1.75
2020,Office 11,11,2884.0,2828.0,141.0,4.99,105.0,231467.0,420069.0,1179.0,4.24
2020,Office 12,12,873.0,860.0,135.0,15.7,40.0,78259.0,92812.0,85.0,4.17
2020,Office 13,13,1342.0,1294.0,99.0,7.65,58.0,102542.0,98144.0,931.0,5.49
2020,Office 14,14,3151.0,3009.0,205.0,6.81,105.0,252176.0,391506.0,1414.0,2.22
2020,Office 15,15,3047.0,2983.0,128.0,4.29,101.0,222638.0,223169.0,576.0,1.4
2020,Office 16,16,1183.0,1178.0,56.0,4.75,14.0,19646.0,71321.0,53.0,0.94
2020,Office 17,17,6248.0,6109.0,262.0,4.29,142.0,448191.0,564277.0,1104.0,1.86
2020,Office 18,18,1594.0,1564.0,72.0,4.6,34.0,76000.0,41668.0,31.0,2.0
2020,Office 19,19,3162.0,3079.0,227.0,7.37,77.0,202701.0,252685.0,460.0,1.22
2020,Office 20,20,627.0,617.0,59.0,9.56,14.0,53920.0,53471.0,59.0,1.99
2020,Office 21,21,521.0,504.0,37.0,7.34,30.0,47010.0,233113.0,40.0,2.0
2020,Office 22,22,3155.0,3058.0,150.0,4.91,101.0,425105.0,399721.0,622.0,0.69
2020,Office 23,23,4827.0,4709.0,301.0,6.39,127.0,401633.0,523142.0,1122.0,1.93
2020,Office 24,24,5121.0,5116.0,105.0,2.05,71.0,226731.0,244121.0,31.0,0.9
2020,Office 25,25,2148.0,2122.0,96.0,4.52,116.0,108449.0,88259.0,926.0,5.9
2020,Office 26,26,3017.0,2964.0,86.0,2.9,29.0,253322.0,327085.0,329.0,2.26
2020,Office 27,27,3016.0,2997.0,69.0,2.3,47.0,204473.0,276240.0,263.0,1.45
2020,Office 28,28,3326.0,3264.0,110.0,3.37,65.0,204028.0,179303.0,288.0,1.23
2020,Office 29,29,1150.0,1135.0,17.0,1.5,26.0,76563.0,41222.0,105.0,1.37
2021,Office 1,1,1872.0,1831.0,92.0,5.02,41.0,73411.0,94703.0,585.0,1.32
2021,Office 2,2,3231.0,3170.0,196.0,6.18,127.0,205037.0,340104.0,829.0,2.55
2021,Office 3,3,3053.0,2979.0,269.0,9.03,100.0,399655.0,541354.0,1452.0,1.6
2021,Office 4,4,3366.0,3324.0,189.0,5.69,46.0,384172.0,418757.0,725.0,2.02
2021,Office 5,5,3396.0,3360.0,150.0,4.46,97.0,227400.0,335703.0,381.0,0.89
2021,Office 6,6,3347.0,3234.0,217.0,6.71,84.0,195242.0,294556.0,738.0,1.84
2021,Office 7,7,3362.0,3309.0,281.0,8.49,110.0,189208.0,340742.0,1226.0,2.48
2021,Office 8,8,2794.0,2750.0,132.0,4.8,30.0,127522.0,481808.0,604.0,2.47
2021,Office 9,9,2827.0,2745.0,187.0,6.81,103.0,300811.0,358919.0,1186.0,1.06
2021,Office 10,10,3254.0,3217.0,73.0,2.27,78.0,242495.0,257001.0,436.0,1.82
2021,Office 11,11,9990.0,9835.0,176.0,1.79,46.0,254198.0,276794.0,852.0,0.82
2021,Office 12,12,1685.0,1645.0,90.0,5.47,13.0,105529.0,143468.0,205.0,1.52
2021,Office 13,13,3475.0,3413.0,203.0,5.95,110.0,378888.0,527554.0,1478.0,1.66
2021,Office 14,14,3414.0,3336.0,185.0,5.55,132.0,197500.0,354954.0,1224.0,2.25
2021,Office 15,15,3039.0,2993.0,122.0,4.08,64.0,76183.0,146290.0,421.0,1.91
2021,Office 16,16,3951.0,3887.0,166.0,4.27,76.0,235297.0,421164.0,1074.0,1.55
2021,Office 17,17,6012.0,5897.0,178.0,3.02,133.0,362887.0,537969.0,1097.0,2.19
2021,Office 18,18,1620.0,1611.0,82.0,5.09,27.0,75716.0,97800.0,198.0,4.67
2021,Office 19,19,2469.0,2418.0,108.0,4.47,60.0,276086.0,306871.0,264.0,0.92
2021,Office 20,20,6222.0,6183.0,248.0,4.01,137.0,366894.0,407803.0,730.0,1.53
2021,Office 21,21,2930.0,2869.0,102.0,3.56,49.0,220284.0,262525.0,339.0,2.0
2021,Office 22,22,701.0,666.0,85.0,12.76,34.0,71631.0,89870.0,178.0,1.99
2021,Office 23,23,3469.0,3318.0,127.0,3.83,77.0,107342.0,110271.0,1154.0,0.98
2021,Office 24,24,3981.0,3885.0,273.0,7.03,146.0,219398.0,397734.0,1209.0,1.21
2021,Office 25,25,3137.0,3092.0,201.0,6.5,98.0,426215.0,641328.0,946.0,1.83
2021,Office 26,26,3158.0,3094.0,182.0,5.88,31.0,245078.0,337419.0,630.0,1.71
2021,Office 27,27,5741.0,5660.0,165.0,2.92,118.0,190665.0,404028.0,1028.0,2.24
2021,Office 28,28,3551.0,3511.0,157.0,4.47,124.0,239188.0,358894.0,621.0,1.68
2021,Office 29,29,5498.0,5399.0,295.0,5.46,118.0,460523.0,556367.0,790.0,2.94
2022,Office 1,1,5351.0,5320.0,82.0,1.54,78.0,154221.0,285998.0,272.0,1.6
2022,Office 2,2,2995.0,2797.0,148.0,5.29,121.0,260538.0,319529.0,593.0,2.09
2022,Office 3,3,1267.0,1230.0,143.0,11.63,60.0,247750.0,298148.0,344.0,1.54
2022,Office 4,4,3181.0,3135.0,216.0,6.89,115.0,187458.0,384826.0,611.0,2.29
2022,Office 5,5,6456.0,6345.0,258.0,4.07,144.0,419494.0,624627.0,1170.0,1.82
2022,Office 6,6,3088.0,2995.0,187.0,6.24,124.0,198987.0,289588.0,998.0,1.78
2022,Office 7,7,3066.0,2976.0,166.0,5.58,134.0,197092.0,454031.0,805.0,2.93
2022,Office 8,8,3344.0,3231.0,193.0,5.97,103.0,218762.0,590234.0,634.0,2.0
2022,Office 9,9,1232.0,1227.0,42.0,3.42,46.0,60232.0,109633.0,97.0,1.52
2022,Office 10,10,3446.0,3345.0,185.0,5.53,57.0,229167.0,314020.0,969.0,1.68
2022,Office 11,11,872.0,858.0,74.0,8.62,44.0,38402.0,76830.0,217.0,2.7
2022,Office 12,12,3432.0,3389.0,228.0,6.73,165.0,440169.0,431340.0,969.0,1.62
2022,Office 13,13,7001.0,6799.0,223.0,3.28,108.0,517582.0,565114.0,1459.0,2.33
2022,Office 14,14,2493.0,2457.0,116.0,4.72,105.0,127209.0,587589.0,462.0,1.32
2022,Office 15,15,2714.0,2678.0,138.0,5.15,101.0,228750.0,337117.0,98.0,1.95
2022,Office 16,16,362.0,333.0,51.0,15.32,15.0,55513.0,67575.0,221.0,1.52
2022,Office 17,17,3499.0,3456.0,128.0,3.7,25.0,290168.0,275011.0,155.0,1.69
2022,Office 18,18,2970.0,2927.0,139.0,4.75,76.0,225061.0,425449.0,1074.0,2.22
2022,Office 19,19,3748.0,3656.0,182.0,4.98,121.0,299910.0,421015.0,1128.0,1.69
2022,Office 20,20,5880.0,5800.0,324.0,5.59,126.0,396811.0,634509.0,1483.0,1.79
2022,Office 21,21,5850.0,5566.0,184.0,3.31,68.0,522324.0,452377.0,734.0,1.95
2022,Office 22,22,5869.0,5795.0,203.0,3.5,73.0,239262.0,421749.0,713.0,3.75
2022,Office 23,23,5775.0,5681.0,227.0,4.0,81.0,267862.0,534885.0,880.0,2.22
2022,Office 24,24,5864.0,5773.0,279.0,4.83,148.0,426956.0,378882.0,1566.0,1.98
2022,Office 25,25,2542.0,2505.0,149.0,5.95,74.0,238010.0,283888.0,354.0,1.67
2022,Office 26,26,3443.0,3354.0,193.0,5.75,165.0,397984.0,278716.0,1047.0,3.18
2022,Office 27,27,5822.0,5720.0,214.0,3.74,127.0,282040.0,350106.0,732.0,1.98
2022,Office 28,28,3182.0,3133.0,64.0,2.04,60.0,104953.0,139271.0,553.0,1.75
2022,Office 29,29,1638.0,1584.0,149.0,9.41,34.0,83096.0,81426.0,290.0,1.46
2023,Office 1,1,393.0,368.0,66.0,17.93,34.0,175033.0,287183.0,158.0,1.08
2023,Office 2,2,5596.0,5479.0,184.0,3.36,69.0,238107.0,352783.0,775.0,1.54
2023,Office 3,3,4701.0,4637.0,155.0,3.34,49.0,204529.0,340449.0,403.0,1.21
2023,Office 4,4,2886.0,2829.0,193.0,6.82,74.0,232745.0,336994.0,897.0,1.9
2023,Office 5,5,971.0,966.0,66.0,6.83,36.0,35105.0,81530.0,31.0,1.35
2023,Office 6,6,3075.0,3015.0,108.0,3.58,58.0,221673.0,314431.0,395.0,0.69
2023,Office 7,7,1527.0,1444.0,81.0,5.61,50.0,63177.0,75472.0,268.0,1.2
2023,Office 8,8,2442.0,2426.0,83.0,3.42,75.0,54702.0,325706.0,552.0,8.57
2023,Office 9,9,5927.0,5875.0,129.0,2.2,73.0,217953.0,471083.0,970.0,2.11
2023,Office 10,10,6524.0,6460.0,215.0,3.33,97.0,284137.0,429392.0,751.0,2.11
2023,Office 11,11,1227.0,1205.0,43.0,3.57,48.0,102352.0,248229.0,165.0,2.4
2023,Office 12,12,3086.0,3058.0,157.0,5.13,87.0,204542.0,309848.0,769.0,2.45
2023,Office 13,13,3229.0,3184.0,141.0,4.43,88.0,251245.0,325922.0,198.0,1.05
2023,Office 14,14,3461.0,3427.0,146.0,4.26,133.0,263582.0,399050.0,868.0,1.55
2023,Office 15,15,6766.0,6568.0,204.0,3.11,86.0,465299.0,543809.0,1030.0,2.12
2023,Office 16,16,6345.0,6216.0,312.0,5.02,113.0,525391.0,453339.0,1603.0,1.91
2023,Office 17,17,1857.0,1827.0,84.0,4.6,17.0,97538.0,155367.0,99.0,1.14
2023,Office 18,18,3263.0,3201.0,235.0,7.34,108.0,193180.0,237162.0,889.0,1.7
2023,Office 19,19,3288.0,3267.0,223.0,6.83,89.0,329367.0,350477.0,891.0,1.89
2023,Office 20,20,854.0,851.0,30.0,3.53,10.0,42985.0,47408.0,31.0,2.37
2023,Office 21,21,424.0,325.0,56.0,17.23,34.0,80739.0,62838.0,318.0,2.45
2023,Office 22,22,3124.0,3046.0,122.0,4.01,55.0,303149.0,375325.0,940.0,1.7
2023,Office 23,23,6173.0,6074.0,134.0,2.21,94.0,235669.0,212558.0,487.0,1.41
2023,Office 24,24,2547.0,2525.0,188.0,7.45,47.0,228398.0,180185.0,308.0,1.88
2023,Office 25,25,3563.0,3487.0,329.0,9.44,111.0,232744.0,330253.0,892.0,2.02
2023,Office 26,26,11520.0,11402.0,202.0,1.77,111.0,323598.0,475698.0,1036.0,1.86
2023,Office 27,27,1340.0,1323.0,25.0,1.89,13.0,80440.0,60453.0,123.0,1.66
2023,Office 28,28,754.0,699.0,116.0,16.6,10.0,74787.0,124306.0,105.0,1.1
2023,Office 29,29,1669.0,1656.0,26.0,1.57,55.0,57186.0,91228.0,185.0,2.27
